/*
SQLyog Enterprise - MySQL GUI v8.12 
MySQL - 5.5.27 : Database - faculdade_6s
*********************************************************************
*/

/*!40101 SET NAMES utf8 */;

/*!40101 SET SQL_MODE=''*/;

/*!40014 SET @OLD_FOREIGN_KEY_CHECKS=@@FOREIGN_KEY_CHECKS, FOREIGN_KEY_CHECKS=0 */;
/*!40101 SET @OLD_SQL_MODE=@@SQL_MODE, SQL_MODE='NO_AUTO_VALUE_ON_ZERO' */;

CREATE DATABASE /*!32312 IF NOT EXISTS*/`faculdade_wds` /*!40100 DEFAULT CHARACTER SET latin1 */;

USE `faculdade_wds`;

/*Table structure for table `alunos` */

DROP TABLE IF EXISTS `alunos`;

CREATE TABLE `alunos` (
  `id_aluno` int(11) NOT NULL AUTO_INCREMENT,
  `nome` varchar(80) NOT NULL,
  `sexo` enum('M','F') NOT NULL,
  `data_nasc` date NOT NULL,
  `id_curso` int(11) NOT NULL,
  PRIMARY KEY (`id_aluno`),
  KEY `id_curso` (`id_curso`),
  CONSTRAINT `alunos_ibfk_1` FOREIGN KEY (`id_curso`) REFERENCES `cursos` (`id_curso`)
) ENGINE=InnoDB AUTO_INCREMENT=101 DEFAULT CHARSET=latin1;

/*Data for the table `alunos` */

insert  into `alunos`(`id_aluno`,`nome`,`sexo`,`data_nasc`,`id_curso`) values (1,'Ana Silva','F','1999-05-15',1),(2,'Bruno Costa','M','1998-12-20',1),(3,'Carlos Almeida','M','2000-01-10',1),(4,'Diana Oliveira','F','1999-08-22',1),(5,'Eduardo Martins','M','1998-11-05',1),(6,'Fernanda Lima','F','1999-03-16',1),(7,'Gabriel Santos','M','2000-07-30',1),(8,'Helena Pereira','F','1999-06-25',1),(9,'Igor Ferreira','M','1998-10-14',1),(10,'Juliana Rocha','F','1999-09-12',1),(11,'Lucas Almeida','M','2000-04-22',2),(12,'Mariana Souza','F','1998-07-19',2),(13,'Nicolas Oliveira','M','1999-10-03',2),(14,'Olivia Lima','F','1998-12-25',2),(15,'Pedro Costa','M','1999-05-17',2),(16,'Quênia Reis','F','2000-03-04',2),(17,'Rafael Santos','M','1998-09-14',2),(18,'Sofia Almeida','F','1999-01-29',2),(19,'Thiago Ferreira','M','1998-11-21',2),(20,'Victoria Pereira','F','1999-06-10',2),(21,'Amanda Silva','F','1999-07-15',3),(22,'Bruno Santos','M','1998-05-22',3),(23,'Camila Oliveira','F','2000-03-10',3),(24,'Daniel Costa','M','1998-09-14',3),(25,'Elaine Lima','F','1999-11-25',3),(26,'Felipe Pereira','M','2000-06-18',3),(27,'Giovana Almeida','F','1998-12-05',3),(28,'Hugo Martins','M','1999-04-22',3),(29,'Isabela Ferreira','F','1998-08-16',3),(30,'João Reis','M','1999-02-28',3),(31,'Ana Clara','F','1999-06-10',4),(32,'Bernardo Costa','M','1998-11-18',4),(33,'Camila Almeida','F','2000-01-30',4),(34,'Diego Lima','M','1998-07-25',4),(35,'Eduarda Rocha','F','1999-10-02',4),(36,'Felipe Santos','M','2000-04-20',4),(37,'Giovanna Oliveira','F','1998-12-15',4),(38,'Henrique Ferreira','M','1999-09-05',4),(39,'Irene Pereira','F','1998-06-22',4),(40,'Jorge Martins','M','1999-08-14',4),(41,'Ana Beatriz','F','1999-02-25',5),(42,'Bruno Rocha','M','1998-12-01',5),(43,'Carla Santos','F','2000-07-14',5),(44,'David Costa','M','1999-05-09',5),(45,'Eliane Almeida','F','1998-11-23',5),(46,'Felipe Reis','M','1999-10-02',5),(47,'Gustavo Lima','M','1998-08-17',5),(48,'Heloísa Pereira','F','2000-03-19',5),(49,'Iago Oliveira','M','1999-07-30',5),(50,'Júlia Martins','F','1998-09-14',5),(51,'Amanda Almeida','F','1999-11-04',6),(52,'Bruno Reis','M','1998-10-23',6),(53,'Caroline Pereira','F','2000-06-10',6),(54,'Danilo Costa','M','1999-03-17',6),(55,'Eduarda Santos','F','1998-08-22',6),(56,'Felipe Silva','M','1999-12-12',6),(57,'Gabriela Lima','F','2000-04-08',6),(58,'Hugo Reis','M','1998-07-01',6),(59,'Isabela Rocha','F','1999-05-25',6),(60,'Jorge Costa','M','1998-11-15',6),(61,'Aline Costa','F','1999-08-30',7),(62,'Bruno Martins','M','1998-06-17',7),(63,'Carla Pereira','F','2000-01-22',7),(64,'Daniel Silva','M','1998-11-12',7),(65,'Elaine Reis','F','1999-04-08',7),(66,'Felipe Almeida','M','2000-07-03',7),(67,'Gabriela Santos','F','1998-09-24',7),(68,'Hugo Oliveira','M','1999-10-18',7),(69,'Isabella Rocha','F','1998-05-14',7),(70,'João Reis','M','1999-06-10',7),(71,'Alice Silva','F','1999-01-15',8),(72,'Bruno Lima','M','1998-11-30',8),(73,'Cláudia Costa','F','2000-04-25',8),(74,'Daniela Almeida','F','1999-06-12',8),(75,'Eduardo Santos','M','1998-08-09',8),(76,'Fernanda Pereira','F','1999-07-18',8),(77,'Gabriel Rocha','M','2000-02-14',8),(78,'Helena Martins','F','1998-09-29',8),(79,'Igor Costa','M','1999-11-20',8),(80,'Juliana Silva','F','1998-05-22',8),(81,'Ana Carolina','F','1999-10-16',9),(82,'Bruno Almeida','M','1998-12-05',9),(83,'Carlos Pereira','M','2000-03-21',9),(84,'Diana Santos','F','1999-09-10',9),(85,'Eduardo Silva','M','1998-11-30',9),(86,'Fernanda Reis','F','1999-07-20',9),(87,'Gabriel Lima','M','2000-04-28',9),(88,'Heloísa Costa','F','1998-08-16',9),(89,'Igor Rocha','M','1999-10-02',9),(90,'Juliana Martins','F','1998-06-05',9),(91,'Eduarda Martins','F','1998-08-11',10),(92,'Felipe Oliveira','M','1999-06-24',10),(93,'Gabriela Santos','F','2000-07-15',10),(94,'Hugo Pereira','M','1998-12-08',10),(95,'Isabela Rocha','F','1999-04-30',10),(96,'João Costa','M','1998-09-22',10),(97,'Juliana Silva','F','1999-02-18',10),(98,'Karina Reis','F','2000-03-19',10),(99,'Leonardo Martins','M','1998-11-12',10),(100,'Mariana Costa','F','1999-10-08',10);

/*Table structure for table `cursos` */

DROP TABLE IF EXISTS `cursos`;

CREATE TABLE `cursos` (
  `id_curso` int(11) NOT NULL AUTO_INCREMENT,
  `descritivo` varchar(40) NOT NULL,
  PRIMARY KEY (`id_curso`)
) ENGINE=InnoDB AUTO_INCREMENT=12 DEFAULT CHARSET=latin1;

/*Data for the table `cursos` */

insert  into `cursos`(`id_curso`,`descritivo`) values (1,'Engenharia de Software'),(2,'Ciência da Computação'),(3,'Segurança da Informação'),(4,'Engenharia Elétrica'),(5,'Administração'),(6,'Direito'),(7,'Psicologia'),(8,'Arquitetura e Urbanismo'),(9,'Engenharia Civil'),(10,'Enfermagem'),(11,'teste');

/*Table structure for table `disciplinas` */

DROP TABLE IF EXISTS `disciplinas`;

CREATE TABLE `disciplinas` (
  `id_disciplina` int(11) NOT NULL AUTO_INCREMENT,
  `descritivo` varchar(80) NOT NULL,
  `valor` decimal(6,2) NOT NULL,
  `id_curso` int(11) DEFAULT NULL,
  `id_professor` int(11) DEFAULT NULL,
  PRIMARY KEY (`id_disciplina`),
  KEY `id_curso` (`id_curso`),
  KEY `id_professor` (`id_professor`),
  CONSTRAINT `disciplinas_ibfk_1` FOREIGN KEY (`id_curso`) REFERENCES `cursos` (`id_curso`),
  CONSTRAINT `disciplinas_ibfk_2` FOREIGN KEY (`id_professor`) REFERENCES `professores` (`id_professor`)
) ENGINE=InnoDB AUTO_INCREMENT=171 DEFAULT CHARSET=latin1;

/*Data for the table `disciplinas` */

insert  into `disciplinas`(`id_disciplina`,`descritivo`,`valor`,`id_curso`,`id_professor`) values (1,'Algoritmos Avançados','800.00',1,1),(2,'Estruturas de Dados','750.00',1,1),(3,'Programação Orientada a Objetos','850.00',1,1),(4,'Bancos de Dados','900.00',1,1),(5,'Engenharia de Software','950.00',1,1),(6,'Inteligência Artificial','900.00',2,2),(7,'Machine Learning','950.00',2,2),(8,'Redes de Computadores','850.00',2,2),(9,'Segurança da Informação','800.00',2,2),(10,'Sistemas Operacionais','880.00',2,2),(11,'Análise de Sistemas','850.00',3,3),(12,'Gestão de Projetos','900.00',3,3),(13,'Sistemas de Informação','950.00',3,3),(14,'Desenvolvimento Web','800.00',3,3),(15,'Sistemas Distribuídos','880.00',3,3),(16,'Circuitos Elétricos','950.00',4,4),(17,'Eletrônica Digital','850.00',4,4),(18,'Microcontroladores','900.00',4,4),(19,'Sistemas de Potência','800.00',4,4),(20,'Eletromagnetismo','880.00',4,4),(21,'Teoria das Organizações','750.00',5,5),(22,'Marketing','800.00',5,5),(23,'Gestão de Pessoas','850.00',5,5),(24,'Finanças Corporativas','900.00',5,5),(25,'Empreendedorismo','950.00',5,5),(26,'Direito Civil','900.00',6,6),(27,'Direito Penal','950.00',6,6),(28,'Direito Constitucional','850.00',6,6),(29,'Direito Empresarial','800.00',6,6),(30,'Direito Administrativo','880.00',6,6),(31,'Psicologia Geral','850.00',7,7),(32,'Psicologia do Desenvolvimento','900.00',7,7),(33,'Psicologia Social','950.00',7,7),(34,'Psicopatologia','800.00',7,7),(35,'Psicologia Clínica','880.00',7,7),(36,'Desenho Arquitetônico','950.00',8,8),(37,'História da Arquitetura','850.00',8,8),(38,'Planejamento Urbano','900.00',8,8),(39,'Conforto Ambiental','800.00',8,8),(40,'Tecnologia da Construção','880.00',8,8),(41,'Mecânica dos Solos','850.00',9,9),(42,'Resistência dos Materiais','900.00',9,9),(43,'Estruturas de Concreto','950.00',9,9),(44,'Hidráulica','800.00',9,9),(45,'Construção Civil','880.00',9,9),(46,'Enfermagem Clínica','850.00',10,10),(47,'Enfermagem Cirúrgica','900.00',10,10),(48,'Saúde Coletiva','950.00',10,10),(49,'Enfermagem Obstétrica','800.00',10,10),(50,'Enfermagem Pediátrica','880.00',10,10),(51,'Algoritmos Avançados','800.00',1,1),(52,'Estruturas de Dados','750.00',1,1),(53,'Programação Orientada a Objetos','850.00',1,1),(54,'Inteligência Artificial','900.00',2,2),(55,'Machine Learning','950.00',2,2),(56,'Redes de Computadores','850.00',2,2),(57,'Análise de Sistemas','850.00',3,3),(58,'Gestão de Projetos','900.00',3,3),(59,'Sistemas de Informação','950.00',3,3),(60,'Circuitos Elétricos','950.00',4,4),(61,'Eletrônica Digital','850.00',4,4),(62,'Microcontroladores','900.00',4,4),(63,'Teoria das Organizações','750.00',5,5),(64,'Marketing','800.00',5,5),(65,'Gestão de Pessoas','850.00',5,5),(66,'Direito Civil','900.00',6,6),(67,'Direito Penal','950.00',6,6),(68,'Direito Constitucional','850.00',6,6),(69,'Psicologia Geral','850.00',7,7),(70,'Psicologia do Desenvolvimento','900.00',7,7),(71,'Psicologia Social','950.00',7,7),(72,'Desenho Arquitetônico','950.00',8,8),(73,'História da Arquitetura','850.00',8,8),(74,'Planejamento Urbano','900.00',8,8),(75,'Mecânica dos Solos','850.00',9,9),(76,'Resistência dos Materiais','900.00',9,9),(77,'Estruturas de Concreto','950.00',9,9),(78,'Enfermagem Clínica','850.00',10,10),(79,'Enfermagem Cirúrgica','900.00',10,10),(80,'Saúde Coletiva','950.00',10,10),(81,'Programação para Internet','800.00',1,11),(82,'Banco de Dados I','750.00',1,11),(83,'Engenharia de Requisitos','850.00',1,11),(84,'Desenvolvimento Web','800.00',1,12),(85,'Sistemas Operacionais','750.00',1,12),(86,'Programação Orientada a Objetos','850.00',1,12),(87,'Algoritmos Avançados II','800.00',1,13),(88,'Banco de Dados II','750.00',1,13),(89,'Estruturas de Dados II','850.00',1,13),(90,'Segurança da Informação','900.00',2,14),(91,'Computação em Nuvem','950.00',2,14),(92,'Machine Learning II','850.00',2,14),(93,'Redes de Computadores Avançadas','900.00',2,15),(94,'Segurança em Redes','950.00',2,15),(95,'Computação em Nuvem II','850.00',2,15),(96,'Sistemas Distribuídos','800.00',3,16),(97,'Gestão de Projetos Avançada','750.00',3,16),(98,'Análise e Modelagem de Sistemas II','850.00',3,16),(99,'Engenharia de Requisitos Avançada','800.00',3,17),(100,'Desenvolvimento Ágil II','750.00',3,17),(101,'Sistemas de Informação II','850.00',3,17),(102,'Programação Web Avançada','800.00',3,18),(103,'Gestão de Projetos II','750.00',3,18),(104,'Sistemas Distribuídos II','850.00',3,18),(105,'Eletrônica Analógica','950.00',4,19),(106,'Circuitos Digitais','850.00',4,19),(107,'Sistemas Eletrônicos','900.00',4,19),(108,'Microcontroladores Avançados','950.00',4,20),(109,'Eletrônica Digital II','850.00',4,20),(110,'Projetos Eletrônicos','900.00',4,20),(111,'Administração Estratégica','750.00',5,21),(112,'Finanças Corporativas','800.00',5,21),(113,'Gestão de Projetos','850.00',5,21),(114,'Comportamento Organizacional','750.00',5,22),(115,'Gestão de Marketing','800.00',5,22),(116,'Gestão de Pessoas Avançada','850.00',5,22),(117,'Direito Ambiental','900.00',6,23),(118,'Direito Internacional','950.00',6,23),(119,'Direito Administrativo','850.00',6,23),(120,'Direito Empresarial','900.00',6,24),(121,'Direito Processual','950.00',6,24),(122,'Direito Civil II','850.00',6,24),(123,'Psicologia Organizacional','850.00',7,25),(124,'Psicologia Educacional','900.00',7,25),(125,'Psicopatologia','950.00',7,25),(126,'Psicologia Social Avançada','850.00',7,26),(127,'Psicologia do Desenvolvimento II','900.00',7,26),(128,'Terapia Cognitivo-Comportamental','950.00',7,26),(129,'História da Arquitetura II','950.00',8,27),(130,'Teoria da Arquitetura','850.00',8,27),(131,'Desenho Técnico','900.00',8,27),(132,'Planejamento Urbano Avançado','950.00',8,28),(133,'História da Arquitetura Contemporânea','850.00',8,28),(134,'Estudos de Urbanismo','900.00',8,28),(135,'Engenharia Estrutural','900.00',9,29),(136,'Mecânica dos Solos II','850.00',9,29),(137,'Materiais de Construção','950.00',9,29),(138,'Resistência dos Materiais II','900.00',9,30),(139,'Geotecnia','850.00',9,30),(140,'Projeto de Estruturas','950.00',9,30),(141,'Saúde da Família','850.00',10,31),(142,'Enfermagem Pediátrica','900.00',10,31),(143,'Cuidados Intensivos','950.00',10,31),(144,'Enfermagem Comunitária','850.00',10,32),(145,'Saúde Mental','900.00',10,32),(146,'Enfermagem Geriátrica','950.00',10,32),(147,'Tecnologia da Informação','800.00',1,33),(148,'Gestão de TI','750.00',1,33),(149,'Desenvolvimento de Aplicações','850.00',1,33),(150,'Arquitetura de Sistemas','900.00',2,34),(151,'Redes de Dados','950.00',2,34),(152,'Segurança em Sistemas','850.00',2,34),(153,'Qualidade de Software','800.00',3,35),(154,'Métodos Ágeis','750.00',3,35),(155,'Engenharia de Software II','850.00',3,35),(156,'Controle de Sistemas','950.00',4,36),(157,'Circuitos Elétricos II','850.00',4,36),(158,'Sistemas Digitais','900.00',4,36),(159,'Economia Empresarial','750.00',5,37),(160,'Gestão de Operações','800.00',5,37),(161,'Administração da Produção','850.00',5,37),(162,'Direitos Humanos','900.00',6,38),(163,'Direito Processual Penal','950.00',6,38),(164,'Direito Tributário','850.00',6,38),(165,'Psicologia do Trabalho','850.00',7,39),(166,'Psicologia Clínica','900.00',7,39),(167,'Psicologia da Saúde','950.00',7,39),(168,'Arquitetura e Urbanismo','950.00',8,40),(169,'História das Cidades','850.00',8,40),(170,'Design Urbano','900.00',8,40);

/*Table structure for table `matriculas` */

DROP TABLE IF EXISTS `matriculas`;

CREATE TABLE `matriculas` (
  `id_matricula` int(11) NOT NULL AUTO_INCREMENT,
  `id_aluno` int(11) NOT NULL,
  `id_disciplina` int(11) NOT NULL,
  `data_matricula` date NOT NULL,
  `media_final` decimal(5,2) NOT NULL,
  PRIMARY KEY (`id_matricula`),
  KEY `id_aluno` (`id_aluno`),
  KEY `id_disciplina` (`id_disciplina`),
  CONSTRAINT `matriculas_ibfk_1` FOREIGN KEY (`id_aluno`) REFERENCES `alunos` (`id_aluno`),
  CONSTRAINT `matriculas_ibfk_2` FOREIGN KEY (`id_disciplina`) REFERENCES `disciplinas` (`id_disciplina`)
) ENGINE=InnoDB AUTO_INCREMENT=359 DEFAULT CHARSET=latin1;

/*Data for the table `matriculas` */

insert  into `matriculas`(`id_matricula`,`id_aluno`,`id_disciplina`,`data_matricula`,`media_final`) values (9,3,1,'2024-01-15','7.00'),(10,3,2,'2024-01-16','9.00'),(11,3,3,'2024-01-17','8.00'),(12,3,4,'2024-01-18','7.50'),(13,4,1,'2024-01-15','8.00'),(14,4,2,'2024-01-16','7.50'),(15,4,3,'2024-01-17','8.50'),(16,4,4,'2024-01-18','9.00'),(17,5,1,'2024-01-15','6.00'),(18,5,2,'2024-01-16','7.50'),(19,5,3,'2024-01-17','8.00'),(20,5,4,'2024-01-18','9.00'),(21,6,1,'2024-01-15','9.00'),(22,6,2,'2024-01-16','8.50'),(23,6,3,'2024-01-17','7.00'),(24,6,4,'2024-01-18','8.00'),(25,7,1,'2024-01-15','8.50'),(26,7,2,'2024-01-16','9.00'),(27,7,3,'2024-01-17','7.50'),(28,7,4,'2024-01-18','8.00'),(29,8,1,'2024-01-15','7.50'),(30,8,2,'2024-01-16','8.00'),(31,8,3,'2024-01-17','9.00'),(32,8,4,'2024-01-18','8.50'),(33,9,1,'2024-01-15','6.50'),(34,9,2,'2024-01-16','8.00'),(35,9,3,'2024-01-17','7.50'),(36,9,4,'2024-01-18','9.00'),(37,10,1,'2024-01-15','8.00'),(38,10,2,'2024-01-16','9.00'),(39,10,3,'2024-01-17','7.00'),(40,10,4,'2024-01-18','8.50'),(41,11,5,'2024-01-15','8.50'),(42,11,6,'2024-01-16','7.00'),(43,11,7,'2024-01-17','9.00'),(44,11,8,'2024-01-18','8.00'),(45,12,5,'2024-01-15','6.50'),(46,12,6,'2024-01-16','8.00'),(47,12,7,'2024-01-17','7.50'),(48,12,8,'2024-01-18','8.50'),(53,14,5,'2024-01-15','8.00'),(54,14,6,'2024-01-16','7.50'),(55,14,7,'2024-01-17','8.50'),(56,14,8,'2024-01-18','9.00'),(57,15,5,'2024-01-15','6.00'),(58,15,6,'2024-01-16','7.50'),(59,15,7,'2024-01-17','8.00'),(60,15,8,'2024-01-18','9.00'),(61,16,5,'2024-01-15','9.00'),(62,16,6,'2024-01-16','8.50'),(63,16,7,'2024-01-17','7.00'),(64,16,8,'2024-01-18','8.00'),(65,17,5,'2024-01-15','8.50'),(66,17,6,'2024-01-16','9.00'),(67,17,7,'2024-01-17','7.50'),(68,17,8,'2024-01-18','8.00'),(69,18,5,'2024-01-15','7.50'),(70,18,6,'2024-01-16','8.00'),(71,18,7,'2024-01-17','9.00'),(72,18,8,'2024-01-18','8.50'),(73,19,5,'2024-01-15','6.50'),(74,19,6,'2024-01-16','8.00'),(75,19,7,'2024-01-17','7.50'),(76,19,8,'2024-01-18','9.00'),(77,20,5,'2024-01-15','8.00'),(78,20,6,'2024-01-16','9.00'),(79,20,7,'2024-01-17','7.00'),(80,20,8,'2024-01-18','8.50'),(81,26,9,'2024-01-15','9.00'),(82,26,10,'2024-01-16','8.50'),(83,26,11,'2024-01-17','7.00'),(84,26,12,'2024-01-18','8.00'),(85,27,9,'2024-01-15','8.50'),(86,27,10,'2024-01-16','9.00'),(87,27,11,'2024-01-17','7.50'),(88,27,12,'2024-01-18','8.00'),(89,28,9,'2024-01-15','7.50'),(90,28,10,'2024-01-16','8.00'),(91,28,11,'2024-01-17','9.00'),(92,28,12,'2024-01-18','8.50'),(93,29,9,'2024-01-15','6.50'),(94,29,10,'2024-01-16','8.00'),(95,29,11,'2024-01-17','7.50'),(96,29,12,'2024-01-18','9.00'),(97,30,9,'2024-01-15','8.00'),(98,30,10,'2024-01-16','9.00'),(99,30,11,'2024-01-17','7.00'),(100,30,12,'2024-01-18','8.50'),(101,31,13,'2024-01-15','8.50'),(102,31,14,'2024-01-16','7.00'),(103,31,15,'2024-01-17','9.00'),(104,31,16,'2024-01-18','8.00'),(105,32,13,'2024-01-15','6.50'),(106,32,14,'2024-01-16','8.00'),(107,32,15,'2024-01-17','7.50'),(108,32,16,'2024-01-18','8.50'),(109,33,13,'2024-01-15','7.00'),(110,33,14,'2024-01-16','9.00'),(111,33,15,'2024-01-17','8.00'),(112,33,16,'2024-01-18','7.50'),(113,34,13,'2024-01-15','8.00'),(114,34,14,'2024-01-16','7.50'),(115,34,15,'2024-01-17','8.50'),(116,34,16,'2024-01-18','9.00'),(117,35,13,'2024-01-15','6.00'),(118,35,14,'2024-01-16','7.50'),(119,35,15,'2024-01-17','8.00'),(120,35,16,'2024-01-18','9.00'),(121,36,13,'2024-01-15','9.00'),(122,36,14,'2024-01-16','8.50'),(123,36,15,'2024-01-17','7.00'),(124,36,16,'2024-01-18','8.00'),(125,37,13,'2024-01-15','8.50'),(126,37,14,'2024-01-16','9.00'),(127,37,15,'2024-01-17','7.50'),(128,37,16,'2024-01-18','8.00'),(129,38,13,'2024-01-15','7.50'),(130,38,14,'2024-01-16','8.00'),(131,38,15,'2024-01-17','9.00'),(132,38,16,'2024-01-18','8.50'),(133,39,13,'2024-01-15','6.50'),(134,39,14,'2024-01-16','8.00'),(135,39,15,'2024-01-17','7.50'),(136,39,16,'2024-01-18','9.00'),(137,40,13,'2024-01-15','8.00'),(138,40,14,'2024-01-16','9.00'),(139,40,15,'2024-01-17','7.00'),(140,40,16,'2024-01-18','8.50'),(141,41,17,'2024-01-15','8.50'),(142,41,18,'2024-01-16','7.00'),(143,41,19,'2024-01-17','9.00'),(144,41,20,'2024-01-18','8.00'),(145,42,17,'2024-01-15','6.50'),(146,42,18,'2024-01-16','8.00'),(147,42,19,'2024-01-17','7.50'),(148,42,20,'2024-01-18','8.50'),(149,43,17,'2024-01-15','7.00'),(150,43,18,'2024-01-16','9.00'),(151,43,19,'2024-01-17','8.00'),(152,43,20,'2024-01-18','7.50'),(153,44,17,'2024-01-15','8.00'),(154,44,18,'2024-01-16','7.50'),(155,44,19,'2024-01-17','8.50'),(156,44,20,'2024-01-18','9.00'),(157,45,17,'2024-01-15','6.00'),(158,45,18,'2024-01-16','7.50'),(159,45,19,'2024-01-17','8.00'),(160,45,20,'2024-01-18','9.00'),(161,46,17,'2024-01-15','9.00'),(162,46,18,'2024-01-16','8.50'),(163,46,19,'2024-01-17','7.00'),(164,46,20,'2024-01-18','8.00'),(165,47,17,'2024-01-15','8.50'),(166,47,18,'2024-01-16','9.00'),(167,47,19,'2024-01-17','7.50'),(168,47,20,'2024-01-18','8.00'),(169,48,17,'2024-01-15','7.50'),(170,48,18,'2024-01-16','8.00'),(171,48,19,'2024-01-17','9.00'),(172,48,20,'2024-01-18','8.50'),(173,49,17,'2024-01-15','6.50'),(174,49,18,'2024-01-16','8.00'),(175,49,19,'2024-01-17','7.50'),(176,49,20,'2024-01-18','9.00'),(177,50,17,'2024-01-15','8.00'),(178,50,18,'2024-01-16','9.00'),(179,50,19,'2024-01-17','7.00'),(180,50,20,'2024-01-18','8.50'),(181,51,21,'2024-01-15','8.50'),(182,51,22,'2024-01-16','7.00'),(183,51,23,'2024-01-17','9.00'),(184,51,24,'2024-01-18','8.00'),(185,52,21,'2024-01-15','6.50'),(186,52,22,'2024-01-16','8.00'),(187,52,23,'2024-01-17','7.50'),(188,52,24,'2024-01-18','8.50'),(189,53,21,'2024-01-15','7.00'),(190,53,22,'2024-01-16','9.00'),(191,53,23,'2024-01-17','8.00'),(192,53,24,'2024-01-18','7.50'),(193,54,21,'2024-01-15','8.00'),(194,54,22,'2024-01-16','7.50'),(195,54,23,'2024-01-17','8.50'),(196,54,24,'2024-01-18','9.00'),(197,55,21,'2024-01-15','6.00'),(198,55,22,'2024-01-16','7.50'),(199,55,23,'2024-01-17','8.00'),(200,55,24,'2024-01-18','9.00'),(201,56,21,'2024-01-15','9.00'),(202,56,22,'2024-01-16','8.50'),(203,56,23,'2024-01-17','7.00'),(204,56,24,'2024-01-18','8.00'),(205,57,21,'2024-01-15','8.50'),(206,57,22,'2024-01-16','9.00'),(207,57,23,'2024-01-17','7.50'),(208,57,24,'2024-01-18','8.00'),(209,58,21,'2024-01-15','7.50'),(210,58,22,'2024-01-16','8.00'),(211,58,23,'2024-01-17','9.00'),(212,58,24,'2024-01-18','8.50'),(213,59,21,'2024-01-15','6.50'),(214,59,22,'2024-01-16','8.00'),(215,59,23,'2024-01-17','7.50'),(216,59,24,'2024-01-18','9.00'),(217,60,21,'2024-01-15','8.00'),(218,60,22,'2024-01-16','9.00'),(219,60,23,'2024-01-17','7.00'),(220,60,24,'2024-01-18','8.50'),(221,61,25,'2024-01-15','8.50'),(222,61,26,'2024-01-16','7.00'),(223,61,27,'2024-01-17','9.00'),(224,61,28,'2024-01-18','8.00'),(225,62,25,'2024-01-15','6.50'),(226,62,26,'2024-01-16','8.00'),(227,62,27,'2024-01-17','7.50'),(228,62,28,'2024-01-18','8.50'),(229,63,25,'2024-01-15','7.00'),(230,63,26,'2024-01-16','9.00'),(231,63,27,'2024-01-17','8.00'),(232,63,28,'2024-01-18','7.50'),(233,64,25,'2024-01-15','8.00'),(234,64,26,'2024-01-16','7.50'),(235,64,27,'2024-01-17','8.50'),(236,64,28,'2024-01-18','9.00'),(237,65,25,'2024-01-15','6.00'),(238,65,26,'2024-01-16','7.50'),(239,65,27,'2024-01-17','8.00'),(240,65,28,'2024-01-18','9.00'),(241,66,25,'2024-01-15','9.00'),(242,66,26,'2024-01-16','8.50'),(243,66,27,'2024-01-17','7.50'),(244,66,27,'2024-01-17','7.00'),(245,66,28,'2024-01-18','8.00'),(246,67,25,'2024-01-15','8.50'),(247,67,26,'2024-01-16','9.00'),(248,67,27,'2024-01-17','7.50'),(249,67,28,'2024-01-18','8.00'),(250,68,25,'2024-01-15','7.50'),(251,68,26,'2024-01-16','8.00'),(252,68,27,'2024-01-17','9.00'),(253,68,28,'2024-01-18','8.50'),(254,69,25,'2024-01-15','6.50'),(255,69,26,'2024-01-16','8.00'),(256,69,27,'2024-01-17','7.50'),(257,69,28,'2024-01-18','9.00'),(258,70,25,'2024-01-15','8.00'),(259,70,26,'2024-01-16','9.00'),(260,70,27,'2024-01-17','7.00'),(261,70,28,'2024-01-18','8.50'),(262,71,29,'2024-01-15','8.50'),(263,71,30,'2024-01-16','7.00'),(264,71,31,'2024-01-17','9.00'),(265,71,32,'2024-01-18','8.00'),(266,72,29,'2024-01-15','6.50'),(267,72,30,'2024-01-16','8.00'),(268,72,31,'2024-01-17','7.50'),(269,72,32,'2024-01-18','8.50'),(270,73,29,'2024-01-15','7.00'),(271,73,30,'2024-01-16','9.00'),(272,73,31,'2024-01-17','8.00'),(273,73,32,'2024-01-18','7.50'),(274,74,29,'2024-01-15','8.00'),(275,74,30,'2024-01-16','7.50'),(276,74,31,'2024-01-17','8.50'),(277,74,32,'2024-01-18','9.00'),(278,75,29,'2024-01-15','6.00'),(279,75,30,'2024-01-16','7.50'),(280,75,31,'2024-01-17','8.00'),(281,75,32,'2024-01-18','9.00'),(282,76,29,'2024-01-15','9.00'),(283,76,30,'2024-01-16','8.50'),(284,76,31,'2024-01-17','7.00'),(285,76,32,'2024-01-18','8.00'),(286,77,29,'2024-01-15','8.50'),(287,77,30,'2024-01-16','9.00'),(288,77,31,'2024-01-17','7.50'),(289,77,32,'2024-01-18','8.00'),(290,78,29,'2024-01-15','7.50'),(291,78,30,'2024-01-16','8.00'),(292,78,31,'2024-01-17','9.00'),(293,78,32,'2024-01-18','8.50'),(294,79,29,'2024-01-15','6.50'),(295,79,30,'2024-01-16','8.00'),(296,79,31,'2024-01-17','7.50'),(297,79,32,'2024-01-18','9.00'),(298,80,29,'2024-01-15','8.00'),(299,80,30,'2024-01-16','9.00'),(300,80,31,'2024-01-17','7.00'),(301,80,32,'2024-01-18','8.50'),(302,81,33,'2024-01-15','8.50'),(303,81,34,'2024-01-16','7.00'),(304,81,35,'2024-01-17','9.00'),(305,81,36,'2024-01-18','8.00'),(306,82,33,'2024-01-15','6.50'),(307,82,34,'2024-01-16','8.00'),(308,82,35,'2024-01-17','7.50'),(309,82,36,'2024-01-18','8.50'),(310,83,33,'2024-01-15','7.00'),(311,83,34,'2024-01-16','9.00'),(312,83,35,'2024-01-17','8.00'),(313,83,36,'2024-01-18','7.50'),(314,84,33,'2024-01-15','8.00'),(315,84,34,'2024-01-16','7.50'),(316,84,35,'2024-01-17','8.50'),(317,84,36,'2024-01-18','9.00'),(318,85,33,'2024-01-15','6.00'),(319,85,34,'2024-01-16','7.50'),(320,85,35,'2024-01-17','8.00'),(321,85,36,'2024-01-18','9.00'),(322,86,33,'2024-01-15','9.00'),(323,86,34,'2024-01-16','8.50'),(324,86,35,'2024-01-17','7.00'),(325,86,36,'2024-01-18','8.00'),(326,87,33,'2024-01-15','8.50'),(327,87,34,'2024-01-16','9.00'),(328,87,35,'2024-01-17','7.50'),(329,87,36,'2024-01-18','8.00'),(330,88,33,'2024-01-15','7.50'),(331,88,34,'2024-01-16','8.00'),(332,88,35,'2024-01-17','9.00'),(333,88,36,'2024-01-18','8.50'),(334,89,33,'2024-01-15','6.50'),(335,89,34,'2024-01-16','8.00'),(336,89,35,'2024-01-17','7.50'),(337,89,36,'2024-01-18','9.00'),(338,90,33,'2024-01-15','8.00'),(339,90,34,'2024-01-16','9.00'),(340,90,35,'2024-01-17','7.00'),(341,90,36,'2024-01-18','8.50'),(342,91,37,'2024-01-15','8.50'),(343,91,38,'2024-01-16','7.00'),(344,91,39,'2024-01-17','9.00'),(345,91,40,'2024-01-18','8.00'),(346,92,37,'2024-01-15','6.50'),(347,92,38,'2024-01-16','8.00'),(348,92,39,'2024-01-17','7.50'),(349,92,40,'2024-01-18','8.50'),(350,93,37,'2024-01-15','7.00'),(351,93,38,'2024-01-16','9.00'),(352,93,39,'2024-01-17','8.00'),(353,93,40,'2024-01-18','7.50'),(354,94,37,'2024-01-15','8.00'),(355,94,38,'2024-01-16','7.50'),(356,94,39,'2024-01-17','8.50'),(357,94,40,'2024-01-18','7.00'),(358,13,1,'2024-02-02','0.00');

/*Table structure for table `professores` */

DROP TABLE IF EXISTS `professores`;

CREATE TABLE `professores` (
  `id_professor` int(11) NOT NULL AUTO_INCREMENT,
  `nome` varchar(80) NOT NULL,
  `sexo` enum('F','M') NOT NULL,
  `data_nasc` date NOT NULL,
  `id_curso` int(11) NOT NULL,
  PRIMARY KEY (`id_professor`),
  KEY `id_curso` (`id_curso`),
  CONSTRAINT `professores_ibfk_1` FOREIGN KEY (`id_curso`) REFERENCES `cursos` (`id_curso`)
) ENGINE=InnoDB AUTO_INCREMENT=41 DEFAULT CHARSET=latin1;

/*Data for the table `professores` */

insert  into `professores`(`id_professor`,`nome`,`sexo`,`data_nasc`,`id_curso`) values (1,'Ana Silva','F','1980-04-23',1),(2,'Carlos Oliveira','M','1975-11-15',2),(3,'Beatriz Souza','F','1982-09-05',3),(4,'Daniel Santos','M','1978-02-10',4),(5,'Fernanda Costa','F','1985-06-30',5),(6,'Eduardo Lima','M','1980-12-01',6),(7,'Gabriela Fernandes','F','1983-07-22',7),(8,'Hugo Pereira','M','1976-03-18',8),(9,'Isabela Ramos','F','1979-05-26',9),(10,'João Alves','M','1981-01-14',10),(11,'Larissa Martins','F','1984-08-03',1),(12,'Marcelo Araújo','M','1982-03-27',2),(13,'Natália Mendes','F','1977-12-12',3),(14,'Otávio Silva','M','1983-04-20',4),(15,'Patrícia Rocha','F','1980-10-18',5),(16,'Rafael Lima','M','1979-11-22',6),(17,'Sandra Oliveira','F','1985-05-17',7),(18,'Thiago Barbosa','M','1977-09-14',8),(19,'Viviane Gonçalves','F','1982-06-25',9),(20,'Wilson Ferreira','M','1981-07-29',10),(21,'Yara Nunes','F','1984-09-09',1),(22,'Zeca Mendes','M','1976-08-12',2),(23,'Alexandra Borges','F','1978-07-19',3),(24,'Bruno Carvalho','M','1981-10-11',4),(25,'Carla Matos','F','1983-01-23',5),(26,'Diego Souza','M','1985-11-03',6),(27,'Eliana Silva','F','1980-03-21',7),(28,'Fábio Ribeiro','M','1978-02-07',8),(29,'Gisele Santos','F','1984-04-14',9),(30,'Henrique Costa','M','1982-08-29',10),(31,'Ivone Souza','F','1979-06-05',1),(32,'Jorge Almeida','M','1977-07-16',2),(33,'Karla Ribeiro','F','1981-12-28',3),(34,'Luis Santos','M','1985-05-08',4),(35,'Mariana Lima','F','1980-11-27',5),(36,'Neto Silva','M','1983-07-06',6),(37,'Olívia Carvalho','F','1984-03-15',7),(38,'Pedro Henrique','M','1979-09-02',8),(39,'Quésia Mendes','F','1982-10-21',9),(40,'Roberto Nogueira','M','1976-01-30',10);

/*!40101 SET SQL_MODE=@OLD_SQL_MODE */;
/*!40014 SET FOREIGN_KEY_CHECKS=@OLD_FOREIGN_KEY_CHECKS */;
